{
  "version": "3.95.33670.0",
  "course_id": "6B1Vmj2GEwd",
  "title": "Meditation",
  "thumbnail": "story_content/thumbnail.jpg",
  "scenes": [
    {
      "title": "Meditation Elearning"
    }
  ],
  "slides": [
    {
      "id": "5aHDW7RMZWp",
      "title": "Title Slide",
      "scene_index": "1.1"
    },
    {
      "id": "6VK9YREKqBj",
      "title": "Introduction to Meditation",
      "scene_index": "1.2"
    },
    {
      "id": "6lcFYoLBqCI",
      "title": "Benefits of Meditation",
      "scene_index": "1.3"
    },
    {
      "id": "5rHwaRbNPC2",
      "title": "How Meditation Helps the Mind",
      "scene_index": "1.4"
    },
    {
      "id": "6ZPhbNJOsQx",
      "title": "Types of Meditation",
      "scene_index": "1.5"
    },
    {
      "id": "5cxBs70l10i",
      "title": "Preparing for Meditation",
      "scene_index": "1.6"
    },
    {
      "id": "60OU9kCWXHJ",
      "title": "Setting Up Your Space",
      "scene_index": "1.7"
    },
    {
      "id": "5d5Fz2uNlJJ",
      "title": "Basic Meditation Techniques",
      "scene_index": "1.8"
    },
    {
      "id": "6cvIHpP4JMr",
      "title": "Guided Meditation Walkthrough",
      "scene_index": "1.9"
    },
    {
      "id": "6Ib9mqlj9Ok",
      "title": "Dealing with Distractions",
      "scene_index": "1.10"
    },
    {
      "id": "5xNMGStgmY9",
      "title": "Next Steps and Consistency",
      "scene_index": "1.11"
    }
  ],
  "player": {
    "name": "unified",
    "width": 1220,
    "height": 658
  },
  "stage": {
    "width": 960,
    "height": 540
  }
}